ac_no,ac_name,district,wiki_title,mandals,mandal_names
1,Ichchapuram,Srikakulam,Ichchapuram Assembly constituency,4,Ichchapuram; Kanchili; Kaviti; Sompeta
2,Palasa,Srikakulam,Palasa Assembly constituency,3,Mandasa; Palasa; Vajrapu Kotturu
3,Tekkali,Srikakulam,Tekkali Assembly constituency,4,Kotabommali; Nandigam; Santha Bommali; Tekkali
4,Pathapatnam,Srikakulam,Pathapatnam Assembly constituency,5,Hiramandalam; Kothur; L. N. Peta; Meliaputti; Pathapatnam
5,Srikakulam,Srikakulam,Srikakulam Assembly constituency,2,Gara; Srikakulam
6,Amadalavalasa,Srikakulam,Amadalavalasa Assembly constituency,4,Amudalavalasa; Burja; Ponduru; Sarubujjili
7,Etcherla,Srikakulam,Etcherla Assembly constituency,4,Etcherla; G.Sigadam; Laveru; Ranasthalam
8,Narasannapeta,Srikakulam,Narasannapeta Assembly constituency,4,Jalumuru; Narasannapeta; Polaki; Saravakota
9,Rajam,Vizianagaram,Rajam Assembly constituency,4,Rajam; Regidi Amadalavalasa; Santhakaviti; Vangara
10,Palakonda,Parvathipuram Manyam,Palakonda Assembly constituency,4,Bhamini; Palakonda; Seethampeta; Veeraghattam
11,Kurupam,Parvathipuram Manyam,Kurupam Assembly constituency,5,Garugubilli; Gummalaxmipuram; Jiyyammavalasa; Komarada; Kurupam
12,Parvathipuram,Parvathipuram Manyam,Parvathipuram Assembly constituency,3,Balijipeta; Parvathipuram; Seethanagaram
13,Salur,Parvathipuram Manyam,Salur Assembly constituency,4,Makkuva; Mentada; Pachipenta; Salur
14,Bobbili,Vizianagaram,Bobbili Assembly constituency,4,Badangi; Bobbili; Ramabhadrapuram; Therlam
15,Cheepurupalli,Vizianagaram,Cheepurupalli Assembly constituency,4,Cheepurupalli; Garividi; Gurla; Merakamudidam
16,Gajapathinagaram,Vizianagaram,Gajapathinagaram Assembly constituency,5,Bondapalli; Dattirajeru; Gajapathinagaram; Gantyada; Jami
17,Nellimarla,Vizianagaram,Nellimarla Assembly constituency,4,Bhogapuram; Denkada; Nellimarla; Poosapatirega
18,Vizianagaram,Vizianagaram,Vizianagaram Assembly constituency,1,Vizianagaram
19,Srungavarapukota,Vizianagaram,Srungavarapukota Assembly constituency,4,Kothavalasa; Lakkavarapukota; Srungavarapukota; Vepada
20,Bhimili,Visakhapatnam,Bheemili Assembly constituency,4,Anandapuram; Bheemili; Padmanabham; Visakhapatnam Rural
21,Visakhapatnam East,Visakhapatnam,Visakhapatnam East Assembly constituency,1,Visakhapatnam East (Town)
22,Visakhapatnam South,Visakhapatnam,Visakhapatnam South Assembly constituency,1,Visakhapatnam South (Town)
23,Visakhapatnam North,Visakhapatnam,Visakhapatnam North Assembly constituency,1,Visakhapatnam North (Town)
24,Visakhapatnam West,Visakhapatnam,Visakhapatnam West Assembly constituency,1,Visakhapatnam West (Town)
25,Gajuwaka,Visakhapatnam,Gajuwaka Assembly constituency,2,Gajuwaka; Pedagantyada
26,Chodavaram,Anakapalli,Chodavaram Assembly constituency,4,Butchayyapeta; Chodavaram; Ravikamatham; Rolugunta
27,Madugula,Anakapalli,Madugula Assembly constituency,4,Cheedikada; Devarapalli; K. Kotapadu; Madugula
28,Araku Valley,Alluri Sitharama Raju,Araku Valley Assembly constituency,6,Ananthagiri; Araku Valley; Dumbriguda; Hukumpeta; Munchingi Puttu; Peda Bayalu
29,Paderu,Alluri Sitharama Raju,Paderu Assembly constituency,5,Chintapalli; G.Madugula; Gudem Kotha Veedhi; Koyyuru; Paderu
30,Anakapalle,Anakapalli,Anakapalle Assembly constituency,2,Anakapalle; Kasimkota
31,Pendurthi,Anakapalli,Pendurthi Assembly constituency,3,Parawada; Pendurthi; Sabbavaram
32,Elamanchili,Anakapalli,Elamanchili Assembly constituency,4,Atchutapuram; Elamanchili; Munagapaka; Rambilli
33,Payakaraopet,Anakapalli,Payakaraopet Assembly constituency,4,Kotauratla; Nakkapalli; Payakaraopeta; S.Rayavaram
34,Narsipatnam,Anakapalli,Narsipatnam Assembly constituency,4,Golugonda; Makavarapalem; Narsipatnam; Nathavaram
35,Tuni,Kakinada,Tuni Assembly constituency,3,Kotananduru; Thondangi; Tuni
36,Prathipadu,Kakinada,"Prathipadu, Kakinada Assembly constituency",4,Prathipadu; Rowthulapudi; Sankhavaram; Yeleswaram
37,Pithapuram,Kakinada,Pithapuram Assembly constituency,3,Gollaprolu; Kothapalle; Pithapuram
38,Kakinada Rural,Kakinada,Kakinada Rural Assembly constituency,2,Kakinada; Karapa
39,Peddapuram,Kakinada,Peddapuram Assembly constituency,2,Peddapuram; Samalkota
40,Anaparthy,East Godavari,Anaparthy Assembly constituency,4,Anaparthy; Biccavolu; Pedapudi; Rangampeta
41,Kakinada City,Kakinada,Kakinada City Assembly constituency,1,Kakinada (urban)
42,Ramachandrapuram,Dr. B.R. Ambedkar Konaseema,Ramachandrapuram Assembly constituency,3,K.Gangavaram; Kajuluru; Ramachandrapuram
43,Mummidivaram,Dr. B.R. Ambedkar Konaseema,Mummidivaram Assembly constituency,4,Island Polavaram; Katrenikona; Mummidivaram; Thallarevu
44,Amalapuram,Dr. B.R. Ambedkar Konaseema,Amalapuram Assembly constituency,3,Allavaram; Amalapuram; Uppalaguptam
45,Razole,Dr. B.R. Ambedkar Konaseema,Razole Assembly constituency,4,Malikipuram; Mamidikuduru; Razole; Sakhinetipalle
46,Gannavaram,Dr. B.R. Ambedkar Konaseema,"Gannavaram, Konaseema Assembly constituency",3,Ainavilli; Ambajipeta; P.Gannavaram
47,Kothapeta,Dr. B.R. Ambedkar Konaseema,Kothapeta Assembly constituency,4,Alamuru; Atreyapuram; Kothapeta; Ravulapalem
48,Mandapeta,Dr. B.R. Ambedkar Konaseema,Mandapeta Assembly constituency,3,Kapileswarapuram; Mandapeta; Rayavaram
49,Rajanagaram,East Godavari,Rajanagaram Assembly constituency,3,Korukonda; Rajanagaram; Seethanagaram
50,Rajahmundry City,East Godavari,Rajahmundry City Assembly constituency,1,Rajahmundry (Urban)
51,Rajahmundry Rural,East Godavari,Rajahmundry Rural Assembly constituency,2,Kadiam; Rajahmundry Rural
52,Jaggampeta,Kakinada,Jaggampeta Assembly constituency,4,Gandepalle; Gokavaram; Jaggampeta; Kirlampudi
53,Rampachodavaram,Alluri Sitharama Raju,Rampachodavaram Assembly constituency,11,Addateegala; Chintoor; Devipatnam; Gangavaram; Kunavaram; Maredumilli; Nellipaka; Rajavommangi; Rampachodavaram; Vararamachandrapuram; Y.Ramavaram
54,Kovvur,East Godavari,Kovvur Assembly constituency,3,Chagallu; Kovvur; Tallapudi
55,Nidadavole,East Godavari,Nidadavole Assembly constituency,3,Nidadavole; Peravali; Undrajavaram
56,Achanta,West Godavari,Achanta Assembly constituency,4,Achanta; Penugonda; Penumantra; Poduru
57,Palakollu,West Godavari,Palakollu Assembly constituency,2,Palakollu; Yelamanchili
58,Narasapuram,West Godavari,Narasapuram Assembly constituency,2,Mogalthur; Narsapuram
59,Bhimavaram,West Godavari,Bhimavaram Assembly constituency,1,Veeravasaram
60,Undi,West Godavari,Undi Assembly constituency,5,Akividu; Bhimavaram; Kalla; Palacoderu; Undi
61,Tanuku,West Godavari,Tanuku Assembly constituency,3,Attili; Iragavaram; Tanuku
62,Tadepalligudem,West Godavari,Tadepalligudem Assembly constituency,2,Pentapadu; Tadepalligudem
63,Unguturu,Eluru,Unguturu Assembly constituency,4,Bhimadole; Ganapavaram; Nidamarru; Unguturu
64,Denduluru,Eluru,Denduluru Assembly constituency,3,Denduluru; Pedapadu; Pedavegi
65,Eluru,Eluru,Eluru Assembly constituency,1,Eluru
66,Gopalapuram,East Godavari,Gopalapuram Assembly constituency,4,Devarapalli; Dwaraka Tirumala; Gopalapuram; Nallajerla
67,Polavaram,Eluru,Polavaram Assembly constituency,7,Buttayagudem; Jeelugumilli; Koyyalagudem; Kukkunoor; Polavaram; T.Narasapuram; Velerupadu
68,Chintalapudi,Eluru,Chintalapudi Assembly constituency,4,Chintalapudi; Jangareddigudem; Kamavarapukota; Lingapalem
69,Tiruvuru,NTR,Tiruvuru Assembly constituency,4,A. Konduru; Gampalagudem; Tiruvuru; Vissannapet
70,Nuzvid,Eluru,Nuzvid Assembly constituency,4,Agiripalli; Chatrai; Musunuru; Nuzvid
71,Gannavaram,Krishna,"Gannavaram, Krishna Assembly constituency",4,Bapulapadu; Gannavaram; Unguturu; Vijayawada Rural
72,Gudivada,Krishna,Gudivada Assembly constituency,3,Gudivada; Gudlavalleru; Nandivada
73,Kaikalur,Eluru,Kaikalur Assembly constituency,4,Kaikalur; Kalidindi; Mandavalli; Mudinepalli
74,Pedana,Krishna,Pedana Assembly constituency,4,Bantumilli; Gudur; Kruthivennu; Pedana
75,Machilipatnam,Krishna,Machilipatnam Assembly constituency,1,Machilipatnam
76,Avanigadda,Krishna,Avanigadda Assembly constituency,6,Avanigadda; Challapalli; Ghantashala; Koduru; Mopidevi; Nagayalanka
77,Pamarru,Krishna,Pamarru Assembly constituency,5,Movva; Pamarru; Pamidimukkala; Pedaparupudi; Thotlavalluru
78,Penamaluru,Krishna,Penamaluru Assembly constituency,3,Kankipadu; Penamaluru; Vuyyuru
79,Vijayawada West,NTR,Vijayawada West Assembly constituency,1,VIJAYAWADA WEST
80,Vijayawada Central,NTR,Vijayawada Central Assembly constituency,1,Vijayawada Urban
81,Vijayawada East,NTR,Vijayawada East Assembly constituency,1,VIJAYAWADA EAST
82,Mylavaram,NTR,Mylavaram Assembly constituency,4,G. Konduru; Ibrahimpatnam; Mylavaram; Reddigudem
83,Nandigama,NTR,Nandigama Assembly constituency,4,Chandarlapadu; Kanchikacherla; Nandigama; Veerullapadu
84,Jaggayyapeta,NTR,Jaggayyapeta Assembly constituency,3,Jaggayyapeta; Penuganchiprolu; Vatsavai
85,Pedakurapadu,Palnadu,Pedakurapadu Assembly constituency,5,Amaravathi; Atchampet; Bellamkonda; Krosuru; Pedakurapadu
86,Tadikonda,Guntur,Tadikonda Assembly constituency,4,Medikonduru; Phirangipuram; Tadikonda; Tullur
87,Mangalagiri,Guntur,Mangalagiri Assembly constituency,3,Duggirala; Mangalagiri; Tadepalli
88,Ponnuru,Guntur,Ponnur Assembly constituency,3,Chebrolu; Pedakakani; Ponnur
89,Vemuru,Bapatla,Vemuru Assembly constituency,5,Amruthalur; Bhattiprolu; Kollur; Tsundur; Vemuru
90,Repalle,Bapatla,Repalle Assembly constituency,4,Cherukupalle; Nagaram; Nizampatnam; Repalle
91,Tenali,Guntur,Tenali Assembly constituency,2,Kollipara; Tenali
92,Bapatla,Bapatla,Bapatla Assembly constituency,3,Bapatla; Karlapalem; Pittalavanipalem
93,Prathipadu,Guntur,"Prathipadu, Guntur Assembly constituency",5,Guntur (except M.Corp.); Kakumanu; Pedanandipadu; Prathipadu; Vatticherukuru
94,Guntur West,Guntur,Guntur West Assembly constituency,1,Guntur West (Town)
95,Guntur East,Guntur,Guntur East Assembly constituency,1,GUNTUR EAST
96,Chilakaluripet,Palnadu,Chilakaluripet Assembly constituency,3,Chilakaluripet; Edlapudu; Nadendla
97,Narasaraopet,Palnadu,Narasaraopet Assembly constituency,2,Narsaraopet; Rompicherla
98,Sattenapalle,Palnadu,Sattenapalle Assembly constituency,4,Muppalla; Nekarikallu; Rajupalem; Sattenapalle
99,Vinukonda,Palnadu,Vinukonda Assembly constituency,5,Bollapalle; Ipur; Nuzendla; Savalyapuram; Vinukonda
100,Gurajala,Palnadu,Gurazala Assembly constituency,4,Dachepalli; Gurazala; Machavaram; Piduguralla
101,Macherla,Palnadu,Macherla Assembly constituency,5,Durgi; Karempudi; Macherla; Rentachintala; Veldurthi
102,Yerragondapalem,Prakasam,Yerragondapalem Assembly constituency,5,Dornala; Peda Araveedu; Pullalacheruvu; Tripuranthakam; Yerragondapalem
103,Darsi,Prakasam,Darsi Assembly constituency,5,Darsi; Donakonda; Kurichedu; Mundlamuru; Talluru
104,Parchur,Bapatla,Parchur Assembly constituency,6,Chinaganjam; Inkollu; Karamchedu; Martur; Parchur; Yeddanapudi
105,Addanki,Bapatla,Addanki Assembly constituency,5,Addanki; Ballikurava; Janakavaram Panguluru; Korsipadu; Santhamaguluru
106,Chirala,Bapatla,Chirala Assembly constituency,2,Chirala; Vetapalem
107,Santhanuthalapadu,Prakasam,Santhanuthalapadu Assembly constituency,4,Chimakurthi; Maddipadu; Naguluppalapadu; Santhanuthalapadu
108,Ongole,Prakasam,Ongole Assembly constituency,2,Kothapatnam; Ongole
109,Kandukur,Sri Potti Sriramulu Nellore,Kandukur Assembly constituency,5,Gudluru; Kandukur; Lingasamudram; Ulavapadu; Voletivaripalem
110,Kondapi,Prakasam,Kondapi Assembly constituency,6,Kondapi; Marripudi; Ponnaluru; Singarayakonda; Tangutur; Zarugumilli
111,Markapuram,Prakasam,Markapuram Assembly constituency,4,Konakanamitla; Markapuram; Podili; Tarlupadu
112,Giddalur,Prakasam,Giddalur Assembly constituency,6,Ardhaveedu; Bestavaripeta; Cumbum; Giddalur; Komarolu; Racherla
113,Kanigiri,Prakasam,Kanigiri Assembly constituency,6,Chandrasekharapuram; Hanumanthunipadu; Kanigiri; Pamuru; Pedacherlopalle; Veligandla
114,Kavali,Sri Potti Sriramulu Nellore,Kavali Assembly constituency,4,Allur; Bogole; Dagadarthi; Kavali
115,Atmakur,Sri Potti Sriramulu Nellore,Atmakur Assembly constituency,6,Ananthasagaram; Anumasamudrampeta; Atmakur; Chejerla; Marripadu; Sangam
116,Kovuru,Sri Potti Sriramulu Nellore,Kovur Assembly constituency,5,Buchireddipalem; Indukurpet; Kodavalur; Kovur; Vidavalur
117,Nellore City,Sri Potti Sriramulu Nellore,Nellore City Assembly constituency,1,Nellore City (Town)
118,Nellore Rural,Sri Potti Sriramulu Nellore,Nellore Rural Assembly constituency,1,Nellore
119,Sarvepalli,Sri Potti Sriramulu Nellore,Sarvepalli Assembly constituency,5,Manubolu; Muthukur; Podalakur; Thotapalligudur; Venkatachalam
120,Gudur,Tirupati,Gudur Assembly constituency,5,Chillakur; Chittamur; Gudur; Kota; Vakadu
121,Sullurpeta,Tirupati,Sullurpeta Assembly constituency,6,Doravarisatram; Naidupeta; Ojili; Pellakur; Sullurupeta; Tada
122,Venkatagiri,Tirupati,Venkatagiri Assembly constituency,6,Balayapalli; Dakkili; Kaluvoya; Rapur; Sydapuram; Venkatagiri
123,Udayagiri,Sri Potti Sriramulu Nellore,Udayagiri Assembly constituency,8,Duttalur; Jaladanki; Kaligiri; Kondapuram; Seetharamapuram; Udayagiri; Varikuntapadu; Vinjamur
124,Badvel,YSR Kadapa,Badvel Assembly constituency,7,Atlur; B.Kodur; Badvel; Gopavaram; Kalasapadu; Porumamilla; Sri Avadhutha Kasinaya
125,Rajampet,Annamayya,Rajampet Assembly constituency,6,Nandalur; Rajampet; Siddavatam; T Sundupalli; Veeraballe; Vontimitta
126,Kadapa,YSR Kadapa,Kadapa Assembly constituency,1,Kadapa
127,Kodur,Annamayya,Kodur Assembly constituency,5,Chitvel; Obulavaripalle; Penagalur; Pullampeta; Railway Koduru
128,Rayachoti,Annamayya,Rayachoty Assembly constituency,6,Chinnamandem; Galiveedu; Lakkireddipalli; Ramapuram; Rayachoty; Sambepalli
129,Pulivendla,YSR Kadapa,Pulivendla Assembly constituency,7,Chakrayapet; Lingala; Pulivendula; Simhadripuram; Thondur; Vempalle; Vemula
130,Kamalapuram,YSR Kadapa,Kamalapuram Assembly constituency,6,Chennur; Chinthakommadinne; Kamalapuram; Pendlimarri; Vallur; Veerapunayunipalle
131,Jammalamadugu,YSR Kadapa,Jammalamadugu Assembly constituency,6,Jammalamadugu; Kondapuram; Muddanur; Mylavaram; Peddamudium; Yerraguntla
132,Proddatur,YSR Kadapa,Proddatur Assembly constituency,2,Proddatur; Rajupalem
133,Mydukur,YSR Kadapa,Mydukur Assembly constituency,5,Brahmamgarimattam; Chapadu; Duvvur; Khajipet; Mydukur
134,Allagadda,Nandyal,Allagadda Assembly constituency,6,Allagadda; Chagalamarri; Dornipadu; Rudravaram; Sirvel; Uyyalawada
135,Srisailam,Nandyal,Srisailam Assembly constituency,5,Atmakur; Bandi Atmakur; Mahanandi; Srisailam; Velgode
136,Nandikotkur,Nandyal,Nandikotkur Assembly constituency,6,J. Bungalow; Kothapalle; Midthur; Nandikotkur; Pagidyala; Pamulapadu
137,Kurnool,Kurnool,Kurnool Assembly constituency,1,Kurnool (Town)
138,Panyam,Nandyal,Panyam Assembly constituency,4,Gadivemula; Kallur; Orvakal; Panyam
139,Nandyal,Nandyal,Nandyal Assembly constituency,2,Gospadu; Nandyal Urban
140,Banaganapalle,Nandyal,Banaganapalle Assembly constituency,5,Banaganapalle; Koilkuntla; Kolimigundla; Owk; Sanjamala
141,Dhone,Nandyal,Dhone Assembly constituency,3,Bethamcherla; Dhone; Peapally
142,Pattikonda,Kurnool,Pattikonda Assembly constituency,5,Krishnagiri; Maddikera; Pattikonda; Tuggali; Veldurthi
143,Kodumur,Kurnool,Kodumur Assembly constituency,4,"C.Belagal; Gudur, Kurnool; Kodumur; Kurnool"
144,Yemmiganur,Kurnool,Yemmiganur Assembly constituency,3,Gonegandla; Nandavaram; Yemmiganur
145,Mantralayam,Kurnool,Mantralayam Assembly constituency,4,Kosigi; Kowthalam; Mantralayam; Peda Kadubur
146,Adoni,Kurnool,Adoni Assembly constituency,1,Adoni Urban
147,Alur,Kurnool,Alur Assembly constituency,6,Alur; Aspari; Chippagiri; Devanakonda; Halaharvi; Holagunda
148,Rayadurg,Ananthapuramu,Rayadurg Assembly constituency,5,Bommanahal; D. Hirehal; Gummagatta; Kanekal; Rayadurg
149,Uravakonda,Ananthapuramu,Uravakonda Assembly constituency,5,Beluguppa; Kudair; Uravakonda; Vajrakarur; Vidapanakal
150,Guntakal,Ananthapuramu,Guntakal Assembly constituency,3,Gooty; Guntakal; Pamidi
151,Tadipatri,Ananthapuramu,Tadpatri Assembly constituency,4,Peddapappur; Peddavadugur; Tadpatri; Yadiki
152,Singanamala,Ananthapuramu,Singanamala Assembly constituency,6,B.K. Samudram; Garladinne; Narpala; Putlur; Singanamala; Yellanur
153,Anantapur Urban,Ananthapuramu,Anantapur Urban Assembly constituency,1,Anantapur Urban (Town)
154,Kalyandurg,Ananthapuramu,Kalyandurg Assembly constituency,5,Brahmsamudram; Kalyandurg; Kambdur; Kundrupi; Settur
155,Raptadu,Ananthapuramu,Raptadu Assembly constituency,6,Anantapur Rural; Atmakur; C.K.Palli; Kanaganapalli; Ramagiri; Raptadu
156,Madakasira,Sri Sathya Sai,Madakasira Assembly constituency,5,Agali; Amarapuram; Gudibanda; Madakasira; Rolla
157,Hindupur,Sri Sathya Sai,Hindupur Assembly constituency,3,Chilamathur; Hindupur; Lepakshi
158,Penukonda,Sri Sathya Sai,Penukonda Assembly constituency,5,Gorantla; Parigi; Penukonda; Roddam; Somandepalle
159,Puttaparthi,Sri Sathya Sai,Puttaparthi Assembly constituency,6,Amadaguru; Bukkapatnam; Kothacheruvu; Nallamada; O.D. Cheruvu; Puttaparthi
160,Dharmavaram,Sri Sathya Sai,Dharmavaram Assembly constituency,4,Bathalapalle; Dharmavaram; Mudigubba; Tadimarri
161,Kadiri,Sri Sathya Sai,Kadiri Assembly constituency,6,Gandlapenta; Kadiri; Nallacheruvu; Nambulapulakunta; Talupula; Tanakallu
162,Thamballapalle,Annamayya,Thamballapalle Assembly constituency,6,B.Kothakota; Kurabalakota; Mulakalacheru; Peddamandyam; Peddathippasamudram; Thambalapalle
163,Pileru,Annamayya,Pileru Assembly constituency,6,Gurramkonda; Kalakada; Kalikiri; Kambhamvaripalle; Pileru; Valmikipuram
164,Madanapalle,Annamayya,Madanapalle Assembly constituency,3,Madanapalle; Nimmanapalli; Ramasamudram
165,Punganur,Chittoor,Punganur Assembly constituency,6,Chowdepalle; Pulicherla; Punganur; Rompicherla; Sodam; Somala
166,Chandragiri,Tirupati,Chandragiri Assembly constituency,6,Chandragiri; Chinnagottigallu; Pakala; Ramachandrapuram; Tirupati Rural; Yerravaripalem
167,Tirupati,Tirupati,Tirupati Assembly constituency,1,Tirupati Urban
168,Srikalahasti,Tirupati,Srikalahasti Assembly constituency,4,Renigunta; Srikalahasti; Thottambedu; Yerpedu
169,Sathyavedu,Tirupati,Satyavedu Assembly constituency,7,Buchinaidu Kandriga; K.V.B.Puram; Nagalapuram; Narayanavanam; Pichatur; Satyavedu; Varadaiahpalem
170,Nagari,Chittoor,Nagari Assembly constituency,5,Nagari; Nindra; Puttur; Vadamalapeta; Vijayapuram
171,Gangadhara Nellore,Chittoor,Gangadhara Nellore Assembly constituency,6,Gangadhara Nellore; Karvetinagar; Palasamudram; Penumuru; Srirangarajapuram; Vedurukuppam
172,Chittoor,Chittoor,Chittoor Assembly constituency,2,Chittoor; Gudipala
173,Puthalapattu,Chittoor,Puthalapattu Assembly constituency,5,Bangarupalem; Irala; Puthalapattu; Thavanampalle; Yadamari
174,Palamaner,Chittoor,Palamaner Assembly constituency,5,Baireddypalle; Gangavaram; Palamaneru; Peddapanjani; V. Kota
175,Kuppam,Chittoor,Kuppam Assembly constituency,4,Gudupalle; Kuppam; Ramakuppam; Santipuram
