wiki_name,lgd_code,ac_no
L. N. Peta,4787,
G.Sigadam,4797,
Bheemili,4865,
Anakapalle dist,0,31
Visakhaptnam dist,0,31
Elamanchili,4879,32
Kakinada,4913,38
Kakinada,4914,41
Island Polavaram,4931,
Palakollu,4988,
Yelamanchili,4989,57
Narsapuram,4987,
Velerupadu,4734,
Unguturu,4962,63
Cherukupalle,5090,
Chilakaluripet,5070,
Edlapudu,5071,
Savalyapuram,5064,
Korsipadu,5122,
Markapuram,5115,
Siddavatam,5229,
Railway Koduru,5249,
J. Bungalow,5262,
Nandyal Urban,5284,
Nandyal Rural(new),5284,
Gudur,5257,143
Adoni Urban,5271,
Adoni Rural,5271,
B.K. Samudram,5329,
Brahmsamudram,5320,
Kundrupi,5333,
Anantapur Rural,5330,
C.K.Palli,5347,
O.D. Cheruvu,5358,
Nambulapulakunta,5341,
Maddikera,5292,
Srisailam,6538,
Kota,5424,174
V. Kota,5424,174
V.Kota,5424,174
"Gudur, Kurnool",5257,143
Guntur (except M.Corp.),5074,93
